GeographyID,GeographyCode,Country,StateProvince,City,Region,PostalCode,Latitude,Longitude,SourceSystem,CreatedDate,ModifiedDate
1001,GEO-1001,UAE,Dubai,Dubai,Middle East,216739,25.128802,55.234805,Google Colab,2026-08-05 11:59:15,2026-08-05 11:59:15
1002,GEO-1002,India,Gujarat,Ahmedabad,West,246316,23.060335,72.599672,Google Colab,2026-08-05 11:59:15,2026-08-05 11:59:15
1003,GEO-1003,Germany,Bavaria,Munich,EMEA,191161,48.149579,11.507085,Google Colab,2026-08-05 11:59:15,2026-08-05 11:59:15
1004,GEO-1004,India,Delhi,New Delhi,North,329258,28.571126,77.225323,Google Colab,2026-08-05 11:59:15,2026-08-05 11:59:15
1005,GEO-1005,Germany,Bavaria,Munich,EMEA,308496,48.169663,11.614212,Google Colab,2026-08-05 11:59:15,2026-08-05 11:59:15
1006,GEO-1006,USA,New York,New York,East,331148,40.704673,-74.041489,Google Colab,2026-08-05 11:59:15,2026-08-05 11:59:15
1007,GEO-1007,India,Karnataka,Bangalore,South,895667,13.020531,77.626302,Google Colab,2026-08-05 11:59:15,2026-08-05 11:59:15
1008,GEO-1008,USA,California,San Francisco,West,391369,37.719777,-122.346246,Google Colab,2026-08-05 11:59:15,2026-08-05 11:59:15
1009,GEO-1009,USA,California,San Francisco,West,207175,37.709739,-122.483925,Google Colab,2026-08-05 11:59:15,2026-08-05 11:59:15
1010,GEO-1010,USA,Texas,Dallas,Central,733052,32.739023,-96.870048,Google Colab,2026-08-05 11:59:15,2026-08-05 11:59:15
1011,GEO-1011,Canada,Ontario,Toronto,East,662275,43.593172,-79.315633,Google Colab,2026-08-05 11:59:15,2026-08-05 11:59:15
1012,GEO-1012,India,Delhi,New Delhi,North,678856,28.580809,77.229582,Google Colab,2026-08-05 11:59:15,2026-08-05 11:59:15
1013,GEO-1013,USA,Texas,Dallas,Central,705397,32.727466,-96.865871,Google Colab,2026-08-05 11:59:15,2026-08-05 11:59:15
1014,GEO-1014,Saudi Arabia,Riyadh,Riyadh,Middle East,338968,24.757291,46.752935,Google Colab,2026-08-05 11:59:15,2026-08-05 11:59:15
1015,GEO-1015,India,Gujarat,Ahmedabad,West,205907,23.00332,72.563946,Google Colab,2026-08-05 11:59:15,2026-08-05 11:59:15
1016,GEO-1016,USA,Texas,Dallas,Central,270555,32.755929,-96.843479,Google Colab,2026-08-05 11:59:15,2026-08-05 11:59:15
1017,GEO-1017,India,Punjab,Ludhiana,North,835911,30.970865,75.880986,Google Colab,2026-08-05 11:59:15,2026-08-05 11:59:15
1018,GEO-1018,Netherlands,North Holland,Amsterdam,EMEA,765822,52.314982,4.94076,Google Colab,2026-08-05 11:59:15,2026-08-05 11:59:15
1019,GEO-1019,India,Kerala,Kochi,South,584714,9.911913,76.345624,Google Colab,2026-08-05 11:59:15,2026-08-05 11:59:15
1020,GEO-1020,UAE,Dubai,Dubai,Middle East,821590,25.213912,55.300338,Google Colab,2026-08-05 11:59:15,2026-08-05 11:59:15
1021,GEO-1021,Japan,Tokyo,Tokyo,APAC,913694,35.60515,139.701788,Google Colab,2026-08-05 11:59:15,2026-08-05 11:59:15
1022,GEO-1022,USA,California,San Francisco,West,520651,37.737739,-122.465643,Google Colab,2026-08-05 11:59:15,2026-08-05 11:59:15
1023,GEO-1023,France,Ile-de-France,Paris,EMEA,852787,48.826948,2.37707,Google Colab,2026-08-05 11:59:15,2026-08-05 11:59:15
1024,GEO-1024,USA,Washington,Seattle,West,774079,47.599616,-122.369719,Google Colab,2026-08-05 11:59:15,2026-08-05 11:59:15
1025,GEO-1025,India,Gujarat,Ahmedabad,West,881177,23.032319,72.533439,Google Colab,2026-08-05 11:59:15,2026-08-05 11:59:15
1026,GEO-1026,France,Ile-de-France,Paris,EMEA,549245,48.920252,2.336104,Google Colab,2026-08-05 11:59:15,2026-08-05 11:59:15
1027,GEO-1027,India,Gujarat,Ahmedabad,West,245051,23.024024,72.505946,Google Colab,2026-08-05 11:59:15,2026-08-05 11:59:15
1028,GEO-1028,India,Maharashtra,Mumbai,West,214975,19.020455,72.823297,Google Colab,2026-08-05 11:59:15,2026-08-05 11:59:15
1029,GEO-1029,Saudi Arabia,Riyadh,Riyadh,Middle East,542666,24.729025,46.656863,Google Colab,2026-08-05 11:59:15,2026-08-05 11:59:15
1030,GEO-1030,Netherlands,North Holland,Amsterdam,EMEA,590785,52.372258,4.979473,Google Colab,2026-08-05 11:59:15,2026-08-05 11:59:15
1031,GEO-1031,India,Karnataka,Bangalore,South,813328,13.006915,77.623674,Google Colab,2026-08-05 11:59:15,2026-08-05 11:59:15
1032,GEO-1032,Germany,Bavaria,Munich,EMEA,887352,48.097792,11.604554,Google Colab,2026-08-05 11:59:15,2026-08-05 11:59:15
1033,GEO-1033,India,Tamil Nadu,Chennai,South,407757,13.072262,80.263296,Google Colab,2026-08-05 11:59:15,2026-08-05 11:59:15
1034,GEO-1034,Australia,New South Wales,Sydney,ANZ,854639,-33.906658,151.209394,Google Colab,2026-08-05 11:59:15,2026-08-05 11:59:15
1035,GEO-1035,India,Kerala,Kochi,South,632342,9.99722,76.326583,Google Colab,2026-08-05 11:59:15,2026-08-05 11:59:15
1036,GEO-1036,India,Rajasthan,Jaipur,North,982554,26.934632,75.804735,Google Colab,2026-08-05 11:59:15,2026-08-05 11:59:15
1037,GEO-1037,India,Telangana,Hyderabad,South,492077,17.427002,78.493001,Google Colab,2026-08-05 11:59:15,2026-08-05 11:59:15
1038,GEO-1038,Japan,Tokyo,Tokyo,APAC,656116,35.743159,139.666131,Google Colab,2026-08-05 11:59:15,2026-08-05 11:59:15
1039,GEO-1039,Canada,British Columbia,Vancouver,West,120422,49.220599,-123.142623,Google Colab,2026-08-05 11:59:15,2026-08-05 11:59:15
1040,GEO-1040,India,Rajasthan,Jaipur,North,351083,26.841668,75.847782,Google Colab,2026-08-05 11:59:15,2026-08-05 11:59:15
1041,GEO-1041,India,Delhi,New Delhi,North,189814,28.651005,77.259564,Google Colab,2026-08-05 11:59:15,2026-08-05 11:59:15
1042,GEO-1042,Japan,Tokyo,Tokyo,APAC,658582,35.718734,139.590843,Google Colab,2026-08-05 11:59:15,2026-08-05 11:59:15
1043,GEO-1043,Canada,British Columbia,Vancouver,West,676510,49.22912,-123.116272,Google Colab,2026-08-05 11:59:15,2026-08-05 11:59:15
1044,GEO-1044,Netherlands,North Holland,Amsterdam,EMEA,543692,52.441898,4.972726,Google Colab,2026-08-05 11:59:15,2026-08-05 11:59:15
1045,GEO-1045,Japan,Tokyo,Tokyo,APAC,865388,35.706579,139.684372,Google Colab,2026-08-05 11:59:15,2026-08-05 11:59:15
1046,GEO-1046,USA,Washington,Seattle,West,804314,47.63018,-122.342004,Google Colab,2026-08-05 11:59:15,2026-08-05 11:59:15
1047,GEO-1047,United Kingdom,England,London,EMEA,573417,51.446761,-0.171848,Google Colab,2026-08-05 11:59:15,2026-08-05 11:59:15
1048,GEO-1048,USA,California,San Francisco,West,122056,37.789029,-122.462582,Google Colab,2026-08-05 11:59:15,2026-08-05 11:59:15
1049,GEO-1049,India,Gujarat,Ahmedabad,West,107540,22.953859,72.592376,Google Colab,2026-08-05 11:59:15,2026-08-05 11:59:15
1050,GEO-1050,India,Gujarat,Ahmedabad,West,170674,23.087367,72.628942,Google Colab,2026-08-05 11:59:15,2026-08-05 11:59:15
1051,GEO-1051,India,Delhi,New Delhi,North,639131,28.571981,77.236036,Google Colab,2026-08-05 11:59:15,2026-08-05 11:59:15
1052,GEO-1052,India,West Bengal,Kolkata,East,665427,22.51377,88.433582,Google Colab,2026-08-05 11:59:15,2026-08-05 11:59:15
1053,GEO-1053,France,Ile-de-France,Paris,EMEA,704201,48.852227,2.397739,Google Colab,2026-08-05 11:59:15,2026-08-05 11:59:15
1054,GEO-1054,USA,New York,New York,East,299659,40.647892,-73.980563,Google Colab,2026-08-05 11:59:15,2026-08-05 11:59:15
1055,GEO-1055,USA,Texas,Dallas,Central,544154,32.762476,-96.738786,Google Colab,2026-08-05 11:59:15,2026-08-05 11:59:15
1056,GEO-1056,India,Maharashtra,Mumbai,West,806073,19.100553,72.901089,Google Colab,2026-08-05 11:59:15,2026-08-05 11:59:15
1057,GEO-1057,India,Maharashtra,Mumbai,West,522179,19.112514,72.925795,Google Colab,2026-08-05 11:59:15,2026-08-05 11:59:15
1058,GEO-1058,India,Tamil Nadu,Chennai,South,360735,13.033354,80.276506,Google Colab,2026-08-05 11:59:15,2026-08-05 11:59:15
1059,GEO-1059,India,Telangana,Hyderabad,South,542374,17.334358,78.48072,Google Colab,2026-08-05 11:59:15,2026-08-05 11:59:15
1060,GEO-1060,India,Delhi,New Delhi,North,564656,28.663184,77.265955,Google Colab,2026-08-05 11:59:15,2026-08-05 11:59:15
1061,GEO-1061,India,Tamil Nadu,Chennai,South,153045,13.107043,80.277194,Google Colab,2026-08-05 11:59:15,2026-08-05 11:59:15
1062,GEO-1062,India,Karnataka,Bangalore,South,197793,13.039819,77.650391,Google Colab,2026-08-05 11:59:15,2026-08-05 11:59:15
1063,GEO-1063,India,Kerala,Kochi,South,526156,9.928903,76.2215,Google Colab,2026-08-05 11:59:15,2026-08-05 11:59:15
1064,GEO-1064,USA,Washington,Seattle,West,161483,47.552542,-122.411755,Google Colab,2026-08-05 11:59:15,2026-08-05 11:59:15
1065,GEO-1065,USA,Washington,Seattle,West,378085,47.674443,-122.286479,Google Colab,2026-08-05 11:59:15,2026-08-05 11:59:15
1066,GEO-1066,India,Rajasthan,Jaipur,North,543555,26.943855,75.824181,Google Colab,2026-08-05 11:59:15,2026-08-05 11:59:15
1067,GEO-1067,Germany,Bavaria,Munich,EMEA,794022,48.170045,11.526767,Google Colab,2026-08-05 11:59:15,2026-08-05 11:59:15
1068,GEO-1068,India,Rajasthan,Jaipur,North,328275,26.987393,75.799969,Google Colab,2026-08-05 11:59:15,2026-08-05 11:59:15
1069,GEO-1069,Germany,Bavaria,Munich,EMEA,163918,48.174776,11.511146,Google Colab,2026-08-05 11:59:15,2026-08-05 11:59:15
1070,GEO-1070,France,Ile-de-France,Paris,EMEA,599948,48.857056,2.408635,Google Colab,2026-08-05 11:59:15,2026-08-05 11:59:15
1071,GEO-1071,India,Kerala,Kochi,South,159642,10.004925,76.200118,Google Colab,2026-08-05 11:59:15,2026-08-05 11:59:15
1072,GEO-1072,India,Kerala,Kochi,South,171849,9.946406,76.295334,Google Colab,2026-08-05 11:59:15,2026-08-05 11:59:15
1073,GEO-1073,India,Gujarat,Ahmedabad,West,523389,22.961682,72.633846,Google Colab,2026-08-05 11:59:15,2026-08-05 11:59:15
1074,GEO-1074,India,Gujarat,Ahmedabad,West,707040,23.037623,72.590501,Google Colab,2026-08-05 11:59:15,2026-08-05 11:59:15
1075,GEO-1075,USA,New York,New York,East,789305,40.726188,-74.002355,Google Colab,2026-08-05 11:59:15,2026-08-05 11:59:15
1076,GEO-1076,India,Punjab,Ludhiana,North,314181,30.928156,75.827569,Google Colab,2026-08-05 11:59:15,2026-08-05 11:59:15
1077,GEO-1077,India,Punjab,Ludhiana,North,515011,30.841941,75.88058,Google Colab,2026-08-05 11:59:15,2026-08-05 11:59:15
1078,GEO-1078,Canada,Ontario,Toronto,East,431535,43.721843,-79.313483,Google Colab,2026-08-05 11:59:15,2026-08-05 11:59:15
1079,GEO-1079,India,Karnataka,Bangalore,South,580547,12.990985,77.604679,Google Colab,2026-08-05 11:59:15,2026-08-05 11:59:15
1080,GEO-1080,India,Tamil Nadu,Chennai,South,176819,13.088722,80.271642,Google Colab,2026-08-05 11:59:15,2026-08-05 11:59:15
1081,GEO-1081,India,Telangana,Hyderabad,South,465962,17.445938,78.547383,Google Colab,2026-08-05 11:59:15,2026-08-05 11:59:15
1082,GEO-1082,USA,Texas,Dallas,Central,398830,32.721939,-96.743601,Google Colab,2026-08-05 11:59:15,2026-08-05 11:59:15
1083,GEO-1083,Singapore,Singapore,Singapore,APAC,417212,1.369968,103.897757,Google Colab,2026-08-05 11:59:15,2026-08-05 11:59:15
1084,GEO-1084,UAE,Dubai,Dubai,Middle East,654634,25.126052,55.321537,Google Colab,2026-08-05 11:59:15,2026-08-05 11:59:15
1085,GEO-1085,India,Rajasthan,Jaipur,North,795613,26.848974,75.8478,Google Colab,2026-08-05 11:59:15,2026-08-05 11:59:15
1086,GEO-1086,India,Punjab,Ludhiana,North,221035,30.963354,75.896087,Google Colab,2026-08-05 11:59:15,2026-08-05 11:59:15
1087,GEO-1087,India,Telangana,Hyderabad,South,385577,17.350081,78.440401,Google Colab,2026-08-05 11:59:15,2026-08-05 11:59:15
1088,GEO-1088,USA,California,San Francisco,West,313487,37.8049,-122.362934,Google Colab,2026-08-05 11:59:15,2026-08-05 11:59:15
1089,GEO-1089,United Kingdom,England,London,EMEA,612262,51.467579,-0.062495,Google Colab,2026-08-05 11:59:15,2026-08-05 11:59:15
1090,GEO-1090,India,Maharashtra,Mumbai,West,196781,19.097486,72.930396,Google Colab,2026-08-05 11:59:15,2026-08-05 11:59:15
1091,GEO-1091,India,Maharashtra,Mumbai,West,103717,19.049369,72.818631,Google Colab,2026-08-05 11:59:15,2026-08-05 11:59:15
1092,GEO-1092,India,Punjab,Ludhiana,North,269430,30.939597,75.865569,Google Colab,2026-08-05 11:59:15,2026-08-05 11:59:15
1093,GEO-1093,USA,New York,New York,East,688153,40.634347,-74.073961,Google Colab,2026-08-05 11:59:15,2026-08-05 11:59:15
1094,GEO-1094,Singapore,Singapore,Singapore,APAC,256294,1.359394,103.873335,Google Colab,2026-08-05 11:59:15,2026-08-05 11:59:15
1095,GEO-1095,France,Ile-de-France,Paris,EMEA,679364,48.800295,2.292591,Google Colab,2026-08-05 11:59:15,2026-08-05 11:59:15
1096,GEO-1096,India,Rajasthan,Jaipur,North,482364,26.976237,75.83468,Google Colab,2026-08-05 11:59:15,2026-08-05 11:59:15
1097,GEO-1097,India,Maharashtra,Mumbai,West,475190,19.029612,72.837625,Google Colab,2026-08-05 11:59:15,2026-08-05 11:59:15
1098,GEO-1098,India,Tamil Nadu,Chennai,South,470858,13.127519,80.332162,Google Colab,2026-08-05 11:59:15,2026-08-05 11:59:15
1099,GEO-1099,USA,New York,New York,East,750810,40.752716,-73.937878,Google Colab,2026-08-05 11:59:15,2026-08-05 11:59:15
1100,GEO-1100,India,Gujarat,Ahmedabad,West,270395,23.098693,72.621123,Google Colab,2026-08-05 11:59:15,2026-08-05 11:59:15
1101,GEO-1101,USA,New York,New York,East,125990,40.661498,-73.938082,Google Colab,2026-08-05 11:59:15,2026-08-05 11:59:15
1102,GEO-1102,USA,New York,New York,East,941204,40.739985,-73.968391,Google Colab,2026-08-05 11:59:15,2026-08-05 11:59:15
1103,GEO-1103,India,Gujarat,Ahmedabad,West,379766,22.967972,72.603605,Google Colab,2026-08-05 11:59:15,2026-08-05 11:59:15
1104,GEO-1104,USA,Washington,Seattle,West,140605,47.663575,-122.376511,Google Colab,2026-08-05 11:59:15,2026-08-05 11:59:15
1105,GEO-1105,Canada,Ontario,Toronto,East,466643,43.622031,-79.335945,Google Colab,2026-08-05 11:59:15,2026-08-05 11:59:15
1106,GEO-1106,India,Gujarat,Ahmedabad,West,333752,22.946286,72.522301,Google Colab,2026-08-05 11:59:15,2026-08-05 11:59:15
1107,GEO-1107,USA,California,San Francisco,West,392136,37.833196,-122.344698,Google Colab,2026-08-05 11:59:15,2026-08-05 11:59:15
1108,GEO-1108,India,Punjab,Ludhiana,North,468203,30.923637,75.841249,Google Colab,2026-08-05 11:59:15,2026-08-05 11:59:15
1109,GEO-1109,Germany,Bavaria,Munich,EMEA,447235,48.205378,11.520455,Google Colab,2026-08-05 11:59:15,2026-08-05 11:59:15
1110,GEO-1110,India,Punjab,Ludhiana,North,287241,30.913894,75.934668,Google Colab,2026-08-05 11:59:15,2026-08-05 11:59:15
1111,GEO-1111,India,Maharashtra,Mumbai,West,213668,19.091451,72.85301,Google Colab,2026-08-05 11:59:15,2026-08-05 11:59:15
1112,GEO-1112,USA,California,San Francisco,West,557592,37.791893,-122.417572,Google Colab,2026-08-05 11:59:15,2026-08-05 11:59:15
1113,GEO-1113,USA,Washington,Seattle,West,704596,47.556613,-122.404998,Google Colab,2026-08-05 11:59:15,2026-08-05 11:59:15
1114,GEO-1114,USA,New York,New York,East,101773,40.715987,-73.956958,Google Colab,2026-08-05 11:59:15,2026-08-05 11:59:15
1115,GEO-1115,Saudi Arabia,Riyadh,Riyadh,Middle East,854377,24.784042,46.713226,Google Colab,2026-08-05 11:59:15,2026-08-05 11:59:15
1116,GEO-1116,India,West Bengal,Kolkata,East,481913,22.561608,88.43572,Google Colab,2026-08-05 11:59:15,2026-08-05 11:59:15
1117,GEO-1117,USA,California,San Francisco,West,753425,37.745127,-122.363718,Google Colab,2026-08-05 11:59:15,2026-08-05 11:59:15
1118,GEO-1118,Australia,New South Wales,Sydney,ANZ,414910,-33.86766,151.236003,Google Colab,2026-08-05 11:59:15,2026-08-05 11:59:15
1119,GEO-1119,USA,California,San Francisco,West,521947,37.806453,-122.410694,Google Colab,2026-08-05 11:59:15,2026-08-05 11:59:15
1120,GEO-1120,India,West Bengal,Kolkata,East,540869,22.598989,88.344563,Google Colab,2026-08-05 11:59:15,2026-08-05 11:59:15
1121,GEO-1121,Australia,New South Wales,Sydney,ANZ,282480,-33.850318,151.177452,Google Colab,2026-08-05 11:59:15,2026-08-05 11:59:15
1122,GEO-1122,Germany,Bavaria,Munich,EMEA,974224,48.055165,11.547906,Google Colab,2026-08-05 11:59:15,2026-08-05 11:59:15
1123,GEO-1123,USA,New York,New York,East,923927,40.725598,-73.981247,Google Colab,2026-08-05 11:59:15,2026-08-05 11:59:15
1124,GEO-1124,Canada,Ontario,Toronto,East,563246,43.643946,-79.429008,Google Colab,2026-08-05 11:59:15,2026-08-05 11:59:15
1125,GEO-1125,Canada,British Columbia,Vancouver,West,932291,49.346889,-123.073336,Google Colab,2026-08-05 11:59:15,2026-08-05 11:59:15
1126,GEO-1126,India,Kerala,Kochi,South,790855,9.864767,76.269772,Google Colab,2026-08-05 11:59:15,2026-08-05 11:59:15
1127,GEO-1127,UAE,Dubai,Dubai,Middle East,749342,25.17843,55.321748,Google Colab,2026-08-05 11:59:15,2026-08-05 11:59:15
1128,GEO-1128,Japan,Tokyo,Tokyo,APAC,346277,35.703847,139.606243,Google Colab,2026-08-05 11:59:15,2026-08-05 11:59:15
1129,GEO-1129,India,West Bengal,Kolkata,East,254511,22.496508,88.323075,Google Colab,2026-08-05 11:59:15,2026-08-05 11:59:15
1130,GEO-1130,Canada,British Columbia,Vancouver,West,740967,49.338658,-123.189047,Google Colab,2026-08-05 11:59:15,2026-08-05 11:59:15
1131,GEO-1131,USA,New York,New York,East,760356,40.724907,-73.971065,Google Colab,2026-08-05 11:59:15,2026-08-05 11:59:15
1132,GEO-1132,USA,Washington,Seattle,West,618392,47.590144,-122.388489,Google Colab,2026-08-05 11:59:15,2026-08-05 11:59:15
1133,GEO-1133,Singapore,Singapore,Singapore,APAC,105814,1.414926,103.87747,Google Colab,2026-08-05 11:59:15,2026-08-05 11:59:15
1134,GEO-1134,India,Tamil Nadu,Chennai,South,916232,13.070723,80.218842,Google Colab,2026-08-05 11:59:15,2026-08-05 11:59:15
1135,GEO-1135,Singapore,Singapore,Singapore,APAC,643118,1.346428,103.828985,Google Colab,2026-08-05 11:59:15,2026-08-05 11:59:15
1136,GEO-1136,India,Tamil Nadu,Chennai,South,578634,13.024034,80.265043,Google Colab,2026-08-05 11:59:15,2026-08-05 11:59:15
1137,GEO-1137,United Kingdom,England,London,EMEA,686075,51.522672,-0.055794,Google Colab,2026-08-05 11:59:15,2026-08-05 11:59:15
1138,GEO-1138,Canada,Ontario,Toronto,East,742412,43.703601,-79.320477,Google Colab,2026-08-05 11:59:15,2026-08-05 11:59:15
1139,GEO-1139,USA,New York,New York,East,970914,40.777897,-74.014654,Google Colab,2026-08-05 11:59:15,2026-08-05 11:59:15
1140,GEO-1140,India,Kerala,Kochi,South,879779,9.989039,76.259311,Google Colab,2026-08-05 11:59:15,2026-08-05 11:59:15
1141,GEO-1141,Japan,Tokyo,Tokyo,APAC,359249,35.730578,139.61467,Google Colab,2026-08-05 11:59:15,2026-08-05 11:59:15
1142,GEO-1142,Japan,Tokyo,Tokyo,APAC,646622,35.673736,139.608579,Google Colab,2026-08-05 11:59:15,2026-08-05 11:59:15
1143,GEO-1143,Canada,Ontario,Toronto,East,181247,43.687367,-79.425681,Google Colab,2026-08-05 11:59:15,2026-08-05 11:59:15
1144,GEO-1144,USA,California,San Francisco,West,435239,37.837784,-122.486508,Google Colab,2026-08-05 11:59:15,2026-08-05 11:59:15
1145,GEO-1145,India,Telangana,Hyderabad,South,342495,17.366286,78.431149,Google Colab,2026-08-05 11:59:15,2026-08-05 11:59:15
1146,GEO-1146,India,West Bengal,Kolkata,East,167348,22.558979,88.336841,Google Colab,2026-08-05 11:59:15,2026-08-05 11:59:15
1147,GEO-1147,Canada,Ontario,Toronto,East,535970,43.583163,-79.329937,Google Colab,2026-08-05 11:59:15,2026-08-05 11:59:15
1148,GEO-1148,USA,Washington,Seattle,West,907189,47.619653,-122.300816,Google Colab,2026-08-05 11:59:15,2026-08-05 11:59:15
1149,GEO-1149,Japan,Tokyo,Tokyo,APAC,703655,35.657061,139.571243,Google Colab,2026-08-05 11:59:15,2026-08-05 11:59:15
1150,GEO-1150,USA,Texas,Dallas,Central,413118,32.817256,-96.740448,Google Colab,2026-08-05 11:59:15,2026-08-05 11:59:15
1151,GEO-1151,USA,New York,New York,East,664365,40.752403,-73.998619,Google Colab,2026-08-05 11:59:15,2026-08-05 11:59:15
1152,GEO-1152,Netherlands,North Holland,Amsterdam,EMEA,331251,52.365717,4.86777,Google Colab,2026-08-05 11:59:15,2026-08-05 11:59:15
1153,GEO-1153,Canada,British Columbia,Vancouver,West,130434,49.264917,-123.09368,Google Colab,2026-08-05 11:59:15,2026-08-05 11:59:15
1154,GEO-1154,USA,Washington,Seattle,West,859359,47.552607,-122.337318,Google Colab,2026-08-05 11:59:15,2026-08-05 11:59:15
1155,GEO-1155,India,Telangana,Hyderabad,South,752483,17.39046,78.551809,Google Colab,2026-08-05 11:59:15,2026-08-05 11:59:15
1156,GEO-1156,France,Ile-de-France,Paris,EMEA,691807,48.88268,2.285632,Google Colab,2026-08-05 11:59:15,2026-08-05 11:59:15
1157,GEO-1157,USA,New York,New York,East,242291,40.771496,-74.056923,Google Colab,2026-08-05 11:59:15,2026-08-05 11:59:15
1158,GEO-1158,India,Punjab,Ludhiana,North,497519,30.873376,75.850052,Google Colab,2026-08-05 11:59:15,2026-08-05 11:59:15
1159,GEO-1159,USA,California,San Francisco,West,898207,37.835642,-122.454879,Google Colab,2026-08-05 11:59:15,2026-08-05 11:59:15
1160,GEO-1160,USA,New York,New York,East,364525,40.766386,-74.010751,Google Colab,2026-08-05 11:59:15,2026-08-05 11:59:15
1161,GEO-1161,Australia,New South Wales,Sydney,ANZ,665621,-33.940466,151.281607,Google Colab,2026-08-05 11:59:15,2026-08-05 11:59:15
1162,GEO-1162,India,Gujarat,Ahmedabad,West,781725,22.953479,72.644566,Google Colab,2026-08-05 11:59:15,2026-08-05 11:59:15
1163,GEO-1163,India,Maharashtra,Mumbai,West,890870,19.000965,72.837265,Google Colab,2026-08-05 11:59:15,2026-08-05 11:59:15
1164,GEO-1164,India,Karnataka,Bangalore,South,751517,12.915981,77.534795,Google Colab,2026-08-05 11:59:15,2026-08-05 11:59:15
1165,GEO-1165,Saudi Arabia,Riyadh,Riyadh,Middle East,219946,24.723835,46.630174,Google Colab,2026-08-05 11:59:15,2026-08-05 11:59:15
1166,GEO-1166,Singapore,Singapore,Singapore,APAC,368690,1.394804,103.766646,Google Colab,2026-08-05 11:59:15,2026-08-05 11:59:15
1167,GEO-1167,Netherlands,North Holland,Amsterdam,EMEA,884256,52.402537,4.948547,Google Colab,2026-08-05 11:59:15,2026-08-05 11:59:15
1168,GEO-1168,India,Kerala,Kochi,South,426147,9.868496,76.191409,Google Colab,2026-08-05 11:59:15,2026-08-05 11:59:15
1169,GEO-1169,India,Rajasthan,Jaipur,North,703766,26.940776,75.860608,Google Colab,2026-08-05 11:59:15,2026-08-05 11:59:15
1170,GEO-1170,USA,Washington,Seattle,West,849747,47.557933,-122.317364,Google Colab,2026-08-05 11:59:15,2026-08-05 11:59:15
1171,GEO-1171,UAE,Dubai,Dubai,Middle East,354646,25.141104,55.314397,Google Colab,2026-08-05 11:59:15,2026-08-05 11:59:15
1172,GEO-1172,Saudi Arabia,Riyadh,Riyadh,Middle East,729577,24.762484,46.722696,Google Colab,2026-08-05 11:59:15,2026-08-05 11:59:15
1173,GEO-1173,France,Ile-de-France,Paris,EMEA,920652,48.783171,2.357439,Google Colab,2026-08-05 11:59:15,2026-08-05 11:59:15
1174,GEO-1174,Saudi Arabia,Riyadh,Riyadh,Middle East,488571,24.644633,46.698907,Google Colab,2026-08-05 11:59:15,2026-08-05 11:59:15
1175,GEO-1175,India,Karnataka,Bangalore,South,990844,12.958809,77.593032,Google Colab,2026-08-05 11:59:15,2026-08-05 11:59:15
1176,GEO-1176,USA,New York,New York,East,479781,40.734494,-73.953407,Google Colab,2026-08-05 11:59:15,2026-08-05 11:59:15
1177,GEO-1177,Singapore,Singapore,Singapore,APAC,260422,1.341778,103.857207,Google Colab,2026-08-05 11:59:15,2026-08-05 11:59:15
1178,GEO-1178,UAE,Dubai,Dubai,Middle East,383201,25.223346,55.337939,Google Colab,2026-08-05 11:59:15,2026-08-05 11:59:15
1179,GEO-1179,Japan,Tokyo,Tokyo,APAC,606983,35.67058,139.702418,Google Colab,2026-08-05 11:59:15,2026-08-05 11:59:15
1180,GEO-1180,France,Ile-de-France,Paris,EMEA,381433,48.828169,2.311479,Google Colab,2026-08-05 11:59:15,2026-08-05 11:59:15
1181,GEO-1181,India,Delhi,New Delhi,North,392477,28.674961,77.168018,Google Colab,2026-08-05 11:59:15,2026-08-05 11:59:15
1182,GEO-1182,Canada,Ontario,Toronto,East,697530,43.670853,-79.402562,Google Colab,2026-08-05 11:59:15,2026-08-05 11:59:15
1183,GEO-1183,India,Karnataka,Bangalore,South,618317,13.027752,77.543694,Google Colab,2026-08-05 11:59:15,2026-08-05 11:59:15
1184,GEO-1184,India,West Bengal,Kolkata,East,472060,22.620253,88.338354,Google Colab,2026-08-05 11:59:15,2026-08-05 11:59:15
1185,GEO-1185,Netherlands,North Holland,Amsterdam,EMEA,835244,52.428417,4.913027,Google Colab,2026-08-05 11:59:15,2026-08-05 11:59:15
1186,GEO-1186,United Kingdom,England,London,EMEA,300337,51.441098,-0.092588,Google Colab,2026-08-05 11:59:15,2026-08-05 11:59:15
1187,GEO-1187,Canada,British Columbia,Vancouver,West,682144,49.324006,-123.090203,Google Colab,2026-08-05 11:59:15,2026-08-05 11:59:15
1188,GEO-1188,UAE,Dubai,Dubai,Middle East,846420,25.203331,55.317669,Google Colab,2026-08-05 11:59:15,2026-08-05 11:59:15
1189,GEO-1189,India,Delhi,New Delhi,North,408528,28.569355,77.239686,Google Colab,2026-08-05 11:59:15,2026-08-05 11:59:15
1190,GEO-1190,India,Rajasthan,Jaipur,North,796212,26.925449,75.783022,Google Colab,2026-08-05 11:59:15,2026-08-05 11:59:15
1191,GEO-1191,United Kingdom,England,London,EMEA,460455,51.495481,-0.08845,Google Colab,2026-08-05 11:59:15,2026-08-05 11:59:15
1192,GEO-1192,USA,California,San Francisco,West,468900,37.807357,-122.456053,Google Colab,2026-08-05 11:59:15,2026-08-05 11:59:15
1193,GEO-1193,India,Punjab,Ludhiana,North,341736,30.840305,75.808113,Google Colab,2026-08-05 11:59:15,2026-08-05 11:59:15
1194,GEO-1194,India,Tamil Nadu,Chennai,South,878967,13.088438,80.31265,Google Colab,2026-08-05 11:59:15,2026-08-05 11:59:15
1195,GEO-1195,India,Kerala,Kochi,South,300845,9.885822,76.264772,Google Colab,2026-08-05 11:59:15,2026-08-05 11:59:15
1196,GEO-1196,Australia,New South Wales,Sydney,ANZ,718226,-33.792543,151.213242,Google Colab,2026-08-05 11:59:15,2026-08-05 11:59:15
1197,GEO-1197,India,Rajasthan,Jaipur,North,205409,26.965621,75.754699,Google Colab,2026-08-05 11:59:15,2026-08-05 11:59:15
1198,GEO-1198,USA,Texas,Dallas,Central,288158,32.745063,-96.763717,Google Colab,2026-08-05 11:59:15,2026-08-05 11:59:15
1199,GEO-1199,India,Telangana,Hyderabad,South,387636,17.312283,78.415424,Google Colab,2026-08-05 11:59:15,2026-08-05 11:59:15
1200,GEO-1200,India,Rajasthan,Jaipur,North,831295,26.983454,75.809359,Google Colab,2026-08-05 11:59:15,2026-08-05 11:59:15
1201,GEO-1201,Japan,Tokyo,Tokyo,APAC,614723,35.612614,139.572262,Google Colab,2026-08-05 11:59:15,2026-08-05 11:59:15
1202,GEO-1202,India,Rajasthan,Jaipur,North,592198,26.908994,75.761813,Google Colab,2026-08-05 11:59:15,2026-08-05 11:59:15
1203,GEO-1203,India,Maharashtra,Mumbai,West,364742,19.14657,72.874137,Google Colab,2026-08-05 11:59:15,2026-08-05 11:59:15
1204,GEO-1204,India,Delhi,New Delhi,North,520172,28.612579,77.221323,Google Colab,2026-08-05 11:59:15,2026-08-05 11:59:15
1205,GEO-1205,Saudi Arabia,Riyadh,Riyadh,Middle East,156213,24.657876,46.725083,Google Colab,2026-08-05 11:59:15,2026-08-05 11:59:15
1206,GEO-1206,India,Rajasthan,Jaipur,North,189318,26.991427,75.726252,Google Colab,2026-08-05 11:59:15,2026-08-05 11:59:15
1207,GEO-1207,Japan,Tokyo,Tokyo,APAC,536390,35.693211,139.696819,Google Colab,2026-08-05 11:59:15,2026-08-05 11:59:15
1208,GEO-1208,India,Gujarat,Ahmedabad,West,913373,23.026112,72.563482,Google Colab,2026-08-05 11:59:15,2026-08-05 11:59:15
1209,GEO-1209,Canada,Ontario,Toronto,East,411797,43.710827,-79.304795,Google Colab,2026-08-05 11:59:15,2026-08-05 11:59:15
1210,GEO-1210,India,Rajasthan,Jaipur,North,696251,26.931764,75.804841,Google Colab,2026-08-05 11:59:15,2026-08-05 11:59:15
1211,GEO-1211,Australia,New South Wales,Sydney,ANZ,204053,-33.797186,151.162546,Google Colab,2026-08-05 11:59:15,2026-08-05 11:59:15
1212,GEO-1212,India,West Bengal,Kolkata,East,377501,22.598269,88.309029,Google Colab,2026-08-05 11:59:15,2026-08-05 11:59:15
1213,GEO-1213,India,Kerala,Kochi,South,678805,9.86321,76.187728,Google Colab,2026-08-05 11:59:15,2026-08-05 11:59:15
1214,GEO-1214,Canada,Ontario,Toronto,East,822858,43.66821,-79.416599,Google Colab,2026-08-05 11:59:15,2026-08-05 11:59:15
1215,GEO-1215,India,Gujarat,Ahmedabad,West,402099,23.055613,72.603878,Google Colab,2026-08-05 11:59:15,2026-08-05 11:59:15
1216,GEO-1216,Canada,Ontario,Toronto,East,174637,43.683182,-79.315374,Google Colab,2026-08-05 11:59:15,2026-08-05 11:59:15
1217,GEO-1217,UAE,Dubai,Dubai,Middle East,718439,25.230589,55.340187,Google Colab,2026-08-05 11:59:15,2026-08-05 11:59:15
1218,GEO-1218,USA,New York,New York,East,220351,40.71993,-73.982378,Google Colab,2026-08-05 11:59:15,2026-08-05 11:59:15
1219,GEO-1219,India,Punjab,Ludhiana,North,966785,30.843758,75.786842,Google Colab,2026-08-05 11:59:15,2026-08-05 11:59:15
1220,GEO-1220,India,Rajasthan,Jaipur,North,723948,26.952233,75.798373,Google Colab,2026-08-05 11:59:15,2026-08-05 11:59:15
1221,GEO-1221,India,Rajasthan,Jaipur,North,560485,26.852297,75.817488,Google Colab,2026-08-05 11:59:15,2026-08-05 11:59:15
1222,GEO-1222,Singapore,Singapore,Singapore,APAC,522060,1.422928,103.819876,Google Colab,2026-08-05 11:59:15,2026-08-05 11:59:15
1223,GEO-1223,Canada,British Columbia,Vancouver,West,559023,49.215571,-123.194322,Google Colab,2026-08-05 11:59:15,2026-08-05 11:59:15
1224,GEO-1224,USA,New York,New York,East,870214,40.684371,-74.045941,Google Colab,2026-08-05 11:59:15,2026-08-05 11:59:15
1225,GEO-1225,India,Delhi,New Delhi,North,340044,28.687806,77.262753,Google Colab,2026-08-05 11:59:15,2026-08-05 11:59:15
1226,GEO-1226,France,Ile-de-France,Paris,EMEA,715643,48.928726,2.432132,Google Colab,2026-08-05 11:59:15,2026-08-05 11:59:15
1227,GEO-1227,Saudi Arabia,Riyadh,Riyadh,Middle East,961322,24.676722,46.601737,Google Colab,2026-08-05 11:59:15,2026-08-05 11:59:15
1228,GEO-1228,Japan,Tokyo,Tokyo,APAC,283700,35.67148,139.674542,Google Colab,2026-08-05 11:59:15,2026-08-05 11:59:15
1229,GEO-1229,India,Punjab,Ludhiana,North,290305,30.980511,75.847042,Google Colab,2026-08-05 11:59:15,2026-08-05 11:59:15
1230,GEO-1230,Canada,British Columbia,Vancouver,West,195674,49.277902,-123.135364,Google Colab,2026-08-05 11:59:15,2026-08-05 11:59:15
1231,GEO-1231,USA,California,San Francisco,West,802685,37.711636,-122.473668,Google Colab,2026-08-05 11:59:15,2026-08-05 11:59:15
1232,GEO-1232,USA,New York,New York,East,827369,40.712075,-73.979987,Google Colab,2026-08-05 11:59:15,2026-08-05 11:59:15
1233,GEO-1233,USA,Washington,Seattle,West,953085,47.64788,-122.406228,Google Colab,2026-08-05 11:59:15,2026-08-05 11:59:15
1234,GEO-1234,India,Delhi,New Delhi,North,429795,28.574284,77.147547,Google Colab,2026-08-05 11:59:15,2026-08-05 11:59:15
1235,GEO-1235,Japan,Tokyo,Tokyo,APAC,523808,35.734586,139.702288,Google Colab,2026-08-05 11:59:15,2026-08-05 11:59:15
1236,GEO-1236,India,Karnataka,Bangalore,South,789606,13.030699,77.588516,Google Colab,2026-08-05 11:59:15,2026-08-05 11:59:15
1237,GEO-1237,India,Maharashtra,Mumbai,West,296694,19.07895,72.897321,Google Colab,2026-08-05 11:59:15,2026-08-05 11:59:15
1238,GEO-1238,Canada,British Columbia,Vancouver,West,755788,49.273427,-123.192442,Google Colab,2026-08-05 11:59:15,2026-08-05 11:59:15
1239,GEO-1239,India,Punjab,Ludhiana,North,675898,30.841962,75.823385,Google Colab,2026-08-05 11:59:15,2026-08-05 11:59:15
1240,GEO-1240,Singapore,Singapore,Singapore,APAC,608257,1.291528,103.895503,Google Colab,2026-08-05 11:59:15,2026-08-05 11:59:15
1241,GEO-1241,Netherlands,North Holland,Amsterdam,EMEA,938141,52.325888,4.849441,Google Colab,2026-08-05 11:59:15,2026-08-05 11:59:15
1242,GEO-1242,Germany,Bavaria,Munich,EMEA,114338,48.14346,11.516913,Google Colab,2026-08-05 11:59:15,2026-08-05 11:59:15
1243,GEO-1243,India,Tamil Nadu,Chennai,South,583863,13.15423,80.294334,Google Colab,2026-08-05 11:59:15,2026-08-05 11:59:15
1244,GEO-1244,India,Telangana,Hyderabad,South,622584,17.454224,78.453398,Google Colab,2026-08-05 11:59:15,2026-08-05 11:59:15
1245,GEO-1245,Singapore,Singapore,Singapore,APAC,386706,1.338578,103.817,Google Colab,2026-08-05 11:59:15,2026-08-05 11:59:15
1246,GEO-1246,Canada,British Columbia,Vancouver,West,355570,49.275786,-123.177557,Google Colab,2026-08-05 11:59:15,2026-08-05 11:59:15
1247,GEO-1247,India,West Bengal,Kolkata,East,728492,22.573919,88.424592,Google Colab,2026-08-05 11:59:15,2026-08-05 11:59:15
1248,GEO-1248,India,Delhi,New Delhi,North,389666,28.657528,77.265706,Google Colab,2026-08-05 11:59:15,2026-08-05 11:59:15
1249,GEO-1249,USA,California,San Francisco,West,925981,37.776138,-122.368112,Google Colab,2026-08-05 11:59:15,2026-08-05 11:59:15
1250,GEO-1250,India,Rajasthan,Jaipur,North,861319,26.880169,75.80121,Google Colab,2026-08-05 11:59:15,2026-08-05 11:59:15
